{
    "metrics": {
        "http_req_failed": {
            "passes": 0,
            "fails": 63152,
            "value": 0
        },
        "attach_documents_success_rate": {
            "passes": 7894,
            "fails": 0,
            "value": 1
        },
        "iterations": {
            "count": 7894,
            "rate": 51.1455671543237
        },
        "http_req_blocked": {
            "avg": 0.04433232505700678,
            "min": 0.001572,
            "med": 0.004468,
            "max": 215.755001,
            "p(90)": 0.006442,
            "p(95)": 0.008546449999999997
        },
        "group_duration": {
            "p(90)": 7588.0580049,
            "p(95)": 7802.3426512999995,
            "avg": 6848.495651328723,
            "min": 6024.819923,
            "med": 6950.24235,
            "max": 9772.636965
        },
        "data_received": {
            "count": 1074262987,
            "rate": 6960196.319104747
        },
        "pushpulls_time": {
            "max": 1032,
            "p(90)": 199,
            "p(95)": 268,
            "avg": 75.27653914365341,
            "min": 1,
            "med": 35,
            "thresholds": {
                "p(95)<1000": false
            }
        },
        "active_clients_time": {
            "max": 675,
            "p(90)": 55,
            "p(95)": 88,
            "avg": 19.476691157841397,
            "min": 1,
            "med": 6,
            "thresholds": {
                "p(95)<500": false
            }
        },
        "iteration_duration": {
            "max": 9772.662934,
            "p(90)": 7588.0886996,
            "p(95)": 7802.369201199999,
            "avg": 6848.610494126431,
            "min": 6024.836814,
            "med": 6950.3400905
        },
        "transaction_success_rate": {
            "passes": 7894,
            "fails": 0,
            "thresholds": {
                "rate>0.99": false
            },
            "value": 1
        },
        "http_reqs": {
            "count": 63152,
            "rate": 409.1645372345896
        },
        "pushpulls_success_rate": {
            "passes": 39470,
            "fails": 0,
            "value": 1
        },
        "http_req_duration": {
            "p(95)": 358.17093199999994,
            "avg": 88.65998246948652,
            "min": 1.008962,
            "med": 28.975710999999997,
            "max": 1419.012938,
            "p(90)": 254.22266550000003,
            "thresholds": {
                "p(95)<10000": false
            }
        },
        "http_req_tls_handshaking": {
            "p(95)": 0,
            "avg": 0,
            "min": 0,
            "med": 0,
            "max": 0,
            "p(90)": 0
        },
        "deactivate_clients": {
            "count": 7894,
            "rate": 51.1455671543237
        },
        "attach_documents_time": {
            "avg": 177.07778059285533,
            "min": 4,
            "med": 140,
            "max": 1252,
            "p(90)": 411,
            "p(95)": 520,
            "thresholds": {
                "p(95)<10000": false
            }
        },
        "http_req_waiting": {
            "avg": 85.209747797821,
            "min": 0.940252,
            "med": 28.2710395,
            "max": 1418.95543,
            "p(90)": 244.35547900000003,
            "p(95)": 344.7428363499999
        },
        "checks": {
            "passes": 126304,
            "fails": 0,
            "value": 1
        },
        "attach_documents": {
            "count": 7894,
            "rate": 51.1455671543237
        },
        "active_clients": {
            "count": 7894,
            "rate": 51.1455671543237
        },
        "active_clients_success_rate": {
            "passes": 7894,
            "fails": 0,
            "value": 1
        },
        "data_sent": {
            "count": 59415057,
            "rate": 384952.7220384432
        },
        "deactivate_clients_success_rate": {
            "passes": 7894,
            "fails": 0,
            "value": 1
        },
        "http_req_duration{expected_response:true}": {
            "med": 28.975710999999997,
            "max": 1419.012938,
            "p(90)": 254.22266550000003,
            "p(95)": 358.17093199999994,
            "avg": 88.65998246948652,
            "min": 1.008962
        },
        "vus_max": {
            "value": 500,
            "min": 500,
            "max": 500
        },
        "transaction_time": {
            "avg": 6848.569926526476,
            "min": 6024,
            "med": 6950.5,
            "max": 9772,
            "p(90)": 7588,
            "p(95)": 7802.349999999999,
            "thresholds": {
                "p(95)<30000": false
            }
        },
        "deactivate_clients_time": {
            "med": 160,
            "max": 1419,
            "p(90)": 480,
            "p(95)": 582.3499999999995,
            "avg": 200.14720040537117,
            "min": 4,
            "thresholds": {
                "p(95)<10000": false
            }
        },
        "http_req_connecting": {
            "max": 186.873687,
            "p(90)": 0,
            "p(95)": 0,
            "avg": 0.02447943824423613,
            "min": 0,
            "med": 0
        },
        "http_req_receiving": {
            "avg": 2.890495945211544,
            "min": 0.01626,
            "med": 0.057998,
            "max": 521.680372,
            "p(90)": 0.3462021000000002,
            "p(95)": 1.392620899999995
        },
        "http_req_sending": {
            "med": 0.024566,
            "max": 470.29134,
            "p(90)": 0.10603110000000009,
            "p(95)": 0.25569889999999956,
            "avg": 0.5597387264536374,
            "min": 0.01135
        },
        "vus": {
            "max": 500,
            "value": 11,
            "min": 8
        },
        "pushpulls": {
            "count": 39470,
            "rate": 255.72783577161852
        }
    },
    "root_group": {
        "path": "",
        "id": "d41d8cd98f00b204e9800998ecf8427e",
        "groups": {
            "Presence": {
                "name": "Presence",
                "path": "::Presence",
                "id": "63ab1748852475484c3afb7dae46dbde",
                "groups": {},
                "checks": {
                        "status is 200": {
                            "name": "status is 200",
                            "path": "::Presence::status is 200",
                            "id": "2bdfe827d978801584a6dde561f63b7d",
                            "passes": 63152,
                            "fails": 0
                        },
                        "response has valid body": {
                            "name": "response has valid body",
                            "path": "::Presence::response has valid body",
                            "id": "2cb1a85a5851b9e28736f532526a5909",
                            "passes": 63152,
                            "fails": 0
                        }
                    }
            }
        },
        "checks": {},
        "name": ""
    }
}